id,name,job,mood,energy,rhythm,motion,archetypes,signatures,file
portfolio,Portfolio,be remembered then prove range,play editorial,3,2,3,index specimen film-reel gallery-wall letter ledger,letter-relay proximity-weight horizontal-reel lens remembered-list,categories/portfolio.md
studio,Studio / Agency,show taste so the right clients self-select,editorial,2,3,2-3,ledger index manifesto broadsheet stage film-reel,ink-fill stacked-deck velocity-skew aperture,categories/studio.md
ecommerce,E-commerce,desire then fast certain buying,editorial quiet,2,2,2,catalogue shelf lookbook stage field-guide,film-sequence darkroom-develop lens hold-to-commit,categories/ecommerce.md
saas,SaaS,make one problem and its solution obvious,editorial,2,1-2,2,workbench console letter stage diptych,decode timecode-rail stacked-deck,categories/saas.md
hotel,Hotel,feel the place then book effortlessly,quiet,1,2,2,room atlas letter timeline diptych,aperture darkroom-develop hold-to-commit,categories/hotel.md
restaurant,Restaurant,appetite then a table,editorial play,2,2,2,letter broadsheet poster field-guide,ink-fill brand-selection,categories/restaurant.md
organisation,Organisation / Non-profit,trust clarity and action,quiet editorial,1-2,1,1-2,manifesto timeline field-guide letter atlas,ink-fill thread,categories/organisation.md
event,Event,excitement then the facts,play,3,3,3,poster stage timeline index,velocity-skew width-sprint sticker-scatter timecode-rail,categories/event.md
architecture,Architecture / Real estate,space light and material then enquiry,quiet,1,2,2,room atlas catalogue lookbook,lens aperture horizontal-reel,categories/architecture.md
personal-brand,Personal brand,a recognisable voice and a reason to follow,editorial,2,2,2,letter broadsheet index specimen,remembered-list brand-selection neighbour-moves,categories/personal-brand.md
product-launch,Product launch,desire then belief then buy,play,3,2,3,film-reel stage poster catalogue,timecode-rail aperture decode,categories/product-launch.md
education,Education,show the outcome then make enrolling clear,editorial quiet,2,1,1-2,field-guide timeline letter workbench,thread stacked-deck,categories/education.md
