source,world,property,becomes
railway departure board,transport,characters flip into place in rows,menus and prices that flip on change
tailor's measuring tape,craft,a numbered ruler with tension,a scroll progress bar that stretches
darkroom tray,photography,images appear slowly under red light,photos that develop as they enter
theatre curtain,performance,reveal by withdrawal sideways,sections that open from the centre
seismograph,science,one continuous line reacting to force,a hairline tracking cursor or scroll speed
library card catalogue,archives,index cards with tabs,case studies as pull-out cards
vinyl record,music,"rotation, grooves and a needle drop",a circular progress dial that drops into chapters
film contact sheet,photography,frame numbers and grease-pencil marks,hover states as hand-drawn circles
boarding pass,travel,tear-off stub and perforation,CTA cards that tear when committed
topographic map,geography,contour lines for height,section depth shown as contour rules
kiln firing,ceramics,colour changes with heat,products glaze from raw to finished on scroll
sundial,time,a shadow moving with the hour,layout lit by the visitor's local time
typewriter,writing,carriage return and ink strike,"headlines typed with a strike effect, carriage returns as section breaks"
blueprint,architecture,white lines on blue with dimensions,annotated product specs that draw in
receipt printer,retail,paper feeding line by line,order summaries printing as you scroll
traffic light,city,three states in strict order,a three-step process with one state lit
origami,paper craft,flat sheet folding into form,cards that fold open into detail views
stamp and postmark,post,ink impression with a date,a 'viewed' or 'booked' stamp with the real date
chess clock,games,two timers pressing in turn,a diptych where scroll hands time from one side to the other
kaleidoscope,toys,mirrored symmetry that turns,a gallery mirrored around the cursor
darkroom enlarger,photography,focus knob and projected light,a lens cursor that focuses the image
weather radar,meteorology,a sweeping arm revealing blips,a sweep that reveals locations on a map
tide chart,sea,periodic rise and fall,content density rising and falling with scroll
newspaper press,print,rolling sheets and registration marks,page transitions with registration-mark crops
metronome,music,steady tick and swing,a stagger rhythm locked to a visible beat
elevator panel,architecture,floor numbers that light in sequence,section nav as lit floor numbers
herbarium,botany,pressed specimens with labels,products pinned with handwritten labels
rickshaw art,Dhaka street culture,bold painted panels and borders,a Play-mood frame system for a Bangladeshi brand
monsoon window,weather,rain streaks distorting the view,a shader that streaks images on scroll velocity
nakshi kantha,textile,running stitch telling a story,a Thread line stitched through sections
ticket stub,events,a numbered admission stub,a numbered progress counter for a launch
scoreboard,sport,big flip digits and periods,stats that flip to real values
x-ray,medicine,seeing through to structure,a lens revealing the inside of a product
lighthouse,navigation,a rotating beam in the dark,a torch-cursor that lights a dark page
subway map,transport,"lines, stations and interchanges",a process diagram as a transit map
film leader,cinema,countdown 3-2-1 before a reel,an intro countdown that hands into a Motomation chapter
sewing pattern,fashion,dotted cut lines and notches,dashed guides that cut images into place
dial phone,objects,rotating dial with finger stops,a rotary control for choosing a category
museum label,culture,small precise caption next to the work,margin captions for every image
thermal camera,science,heat shown as colour,hover heat maps on a product
