name,mood,ground,surface,ink,muted,accent,accent_ink,story
Paper & Vermilion,editorial,#F3F0EA,#EAE6DE,#151412,#5E5A53,#C8401C,#FFFFFF,"printed matter, newsrooms, studios"
Bone & Graphite,quiet,#ECE8E1,#E2DDD4,#1C1C1A,#5A5852,#8A6A3B,#FFFFFF,"architecture, interiors, calm portfolios"
Darkroom,play,#0E0D0B,#1A1814,#F2EEE6,#A8A196,#E0442B,#0E0D0B,"film, photography, Motomation chapters"
Night Brass,quiet,#0D0D0F,#18181B,#EDEBE6,#A3A09A,#C9A15B,#0D0D0F,"hotels at night, fragrance, watches"
Signal Green Console,editorial,#0B0F0C,#121A14,#E3F2E6,#8FA894,#3DDC84,#0B0F0C,"dev tools, terminals, technical launches"
Swiss Red,editorial,#FAFAF7,#EFEFEA,#111111,#555555,#E30613,#FFFFFF,"Swiss style, engineering, institutions"
Ultramarine Press,editorial,#F5F3EE,#EBE8E1,#14161F,#555B6B,#2337C6,#FFFFFF,"publications, culture, galleries"
Clay & Moss,quiet,#EFE9E1,#E4DCD1,#2A241E,#6B6157,#5C7A48,#FFFFFF,"ceramics, food, sustainability"
Safelight,play,#140B0A,#21110F,#F6E9E2,#B89A90,#FF5A3C,#140B0A,"darkroom, music, nightlife"
Bauhaus Primaries,play,#F2EFE6,#E7E2D5,#141414,#565452,#1F4FD8,#FFFFFF,"education, design schools, playful systems"
Citrus Brutal,play,#FFF6D6,#FFE9A3,#111111,#4A4536,#FF4D00,#111111,"neobrutalism, indie tools, events"
Lagoon,quiet,#EEF3F2,#E1EAE8,#10201E,#4C5F5C,#0F7C72,#FFFFFF,"wellness, coastal hotels, health"
Ink & Rose,editorial,#F7F1EF,#EFE5E2,#1D1517,#655457,#B4325A,#FFFFFF,"beauty, fashion, personal brands"
Concrete & Signal,editorial,#E9E9E6,#DCDCD8,#161616,#555553,#C2410C,#FFFFFF,"architecture, urban, industrial products"
Midnight Ultraviolet,play,#0C0A14,#16122A,#EEEAFB,#A49DC4,#9B7BFF,#0C0A14,"music, games: only when violet is the concept"
Oxblood Library,quiet,#F1ECE4,#E6DFD3,#1E1614,#62554F,#7A1F1F,#FFFFFF,"heritage, law, literary brands"
Monsoon Dhaka,editorial,#ECEFEA,#DFE5DE,#151A16,#525C54,#1E6B52,#FFFFFF,"Bangladeshi brands, rain, rivers, green heritage"
Saffron Market,play,#FBF4E8,#F3E6CF,#1F1610,#64574A,#A8550F,#FFFFFF,"food, festivals, markets"
Arctic Lab,quiet,#F4F7F9,#E8EEF2,#0F1820,#4F5D6A,#1E6FD9,#FFFFFF,"science, health tech, precise SaaS"
Graphite Mono,quiet,#111111,#1B1B1B,#EDEDED,#9A9A9A,#FFFFFF,#111111,stark minimal portfolios: accent is pure white
Sun-Bleached,quiet,#F6EFE6,#EEE3D4,#2B2118,#6E5E4E,#C2562F,#FFFFFF,"travel, summer hotels, ceramics"
Pine & Fog,quiet,#E9ECE8,#DCE1DB,#17201B,#526057,#2F5D46,#FFFFFF,"outdoors, cabins, nature non-profits"
